INDICATOR NAME (unit),COUNTRY NAME,YEAR,VALUE
Gini index (Income equality coefficient),Albania,1996,27
Gini index (Income equality coefficient),Albania,2002,31.7
Gini index (Income equality coefficient),Albania,2005,30.6
Gini index (Income equality coefficient),Albania,2008,30
Gini index (Income equality coefficient),Albania,2012,29
Gini index (Income equality coefficient),Algeria,1988,40.2
Gini index (Income equality coefficient),Algeria,1995,35.3
Gini index (Income equality coefficient),Algeria,2011,27.6
Gini index (Income equality coefficient),Angola,2000,52
Gini index (Income equality coefficient),Angola,2008,42.7
Gini index (Income equality coefficient),Argentina,1980,40.8
Gini index (Income equality coefficient),Argentina,1986,42.8
Gini index (Income equality coefficient),Argentina,1987,45.3
Gini index (Income equality coefficient),Argentina,1991,46.8
Gini index (Income equality coefficient),Argentina,1992,45.5
Gini index (Income equality coefficient),Argentina,1993,44.9
Gini index (Income equality coefficient),Argentina,1994,45.9
Gini index (Income equality coefficient),Argentina,1995,48.9
Gini index (Income equality coefficient),Argentina,1996,49.5
Gini index (Income equality coefficient),Argentina,1997,49.1
Gini index (Income equality coefficient),Argentina,1998,50.7
Gini index (Income equality coefficient),Argentina,1999,49.8
Gini index (Income equality coefficient),Argentina,2000,51.1
Gini index (Income equality coefficient),Argentina,2001,53.3
Gini index (Income equality coefficient),Argentina,2002,53.8
Gini index (Income equality coefficient),Argentina,2003,51.2
Gini index (Income equality coefficient),Argentina,2004,48.6
Gini index (Income equality coefficient),Argentina,2005,48
Gini index (Income equality coefficient),Argentina,2006,46.7
Gini index (Income equality coefficient),Argentina,2007,46.6
Gini index (Income equality coefficient),Argentina,2008,45.3
Gini index (Income equality coefficient),Argentina,2009,44.1
Gini index (Income equality coefficient),Argentina,2010,44.5
Gini index (Income equality coefficient),Argentina,2011,42.7
Gini index (Income equality coefficient),Argentina,2012,41.4
Gini index (Income equality coefficient),Argentina,2013,41
Gini index (Income equality coefficient),Argentina,2014,41.7
Gini index (Income equality coefficient),Argentina,2016,42
Gini index (Income equality coefficient),Argentina,2017,41.2
Gini index (Income equality coefficient),Armenia,1999,36.2
Gini index (Income equality coefficient),Armenia,2001,35.4
Gini index (Income equality coefficient),Armenia,2002,34.8
Gini index (Income equality coefficient),Armenia,2003,33
Gini index (Income equality coefficient),Armenia,2004,37.5
Gini index (Income equality coefficient),Armenia,2005,36
Gini index (Income equality coefficient),Armenia,2006,29.7
Gini index (Income equality coefficient),Armenia,2007,31.2
Gini index (Income equality coefficient),Armenia,2008,29.2
Gini index (Income equality coefficient),Armenia,2009,28
Gini index (Income equality coefficient),Armenia,2010,30
Gini index (Income equality coefficient),Armenia,2011,29.4
Gini index (Income equality coefficient),Armenia,2012,29.6
Gini index (Income equality coefficient),Armenia,2013,30.6
Gini index (Income equality coefficient),Armenia,2014,31.5
Gini index (Income equality coefficient),Armenia,2015,32.4
Gini index (Income equality coefficient),Armenia,2016,32.5
Gini index (Income equality coefficient),Armenia,2017,33.6
Gini index (Income equality coefficient),Australia,1981,31.3
Gini index (Income equality coefficient),Australia,1985,32.5
Gini index (Income equality coefficient),Australia,1989,33.2
Gini index (Income equality coefficient),Australia,1995,32.6
Gini index (Income equality coefficient),Australia,2001,33.5
Gini index (Income equality coefficient),Australia,2003,33.5
Gini index (Income equality coefficient),Australia,2004,33.1
Gini index (Income equality coefficient),Australia,2008,35.4
Gini index (Income equality coefficient),Australia,2010,34.7
Gini index (Income equality coefficient),Australia,2014,35.8
Gini index (Income equality coefficient),Austria,2003,29.5
Gini index (Income equality coefficient),Austria,2004,29.8
Gini index (Income equality coefficient),Austria,2005,28.7
Gini index (Income equality coefficient),Austria,2006,29.6
Gini index (Income equality coefficient),Austria,2007,30.6
Gini index (Income equality coefficient),Austria,2008,30.4
Gini index (Income equality coefficient),Austria,2009,31.5
Gini index (Income equality coefficient),Austria,2010,30.3
Gini index (Income equality coefficient),Austria,2011,30.8
Gini index (Income equality coefficient),Austria,2012,30.5
Gini index (Income equality coefficient),Austria,2013,30.8
Gini index (Income equality coefficient),Austria,2014,30.5
Gini index (Income equality coefficient),Austria,2015,30.5
Gini index (Income equality coefficient),Azerbaijan,1995,34.7
Gini index (Income equality coefficient),Azerbaijan,2001,36.5
Gini index (Income equality coefficient),Azerbaijan,2002,25.3
Gini index (Income equality coefficient),Azerbaijan,2003,26.8
Gini index (Income equality coefficient),Azerbaijan,2004,26.6
Gini index (Income equality coefficient),Azerbaijan,2005,26.6
Gini index (Income equality coefficient),Bangladesh,1983,25.9
Gini index (Income equality coefficient),Bangladesh,1985,26.9
Gini index (Income equality coefficient),Bangladesh,1988,28.8
Gini index (Income equality coefficient),Bangladesh,1991,27.6
Gini index (Income equality coefficient),Bangladesh,1995,32.9
Gini index (Income equality coefficient),Bangladesh,2000,33.4
Gini index (Income equality coefficient),Bangladesh,2005,33.2
Gini index (Income equality coefficient),Bangladesh,2010,32.1
Gini index (Income equality coefficient),Bangladesh,2016,32.4
Gini index (Income equality coefficient),Belarus,1998,32
Gini index (Income equality coefficient),Belarus,1999,31.7
Gini index (Income equality coefficient),Belarus,2000,31.2
Gini index (Income equality coefficient),Belarus,2001,30.6
Gini index (Income equality coefficient),Belarus,2002,30.3
Gini index (Income equality coefficient),Belarus,2003,28.8
Gini index (Income equality coefficient),Belarus,2004,26.5
Gini index (Income equality coefficient),Belarus,2005,27.6
Gini index (Income equality coefficient),Belarus,2006,28.3
Gini index (Income equality coefficient),Belarus,2007,29.6
Gini index (Income equality coefficient),Belarus,2008,27.8
Gini index (Income equality coefficient),Belarus,2009,27.7
Gini index (Income equality coefficient),Belarus,2010,28.6
Gini index (Income equality coefficient),Belarus,2011,27.2
Gini index (Income equality coefficient),Belarus,2012,26.5
Gini index (Income equality coefficient),Belarus,2013,26.6
Gini index (Income equality coefficient),Belarus,2014,27.2
Gini index (Income equality coefficient),Belarus,2015,25.6
Gini index (Income equality coefficient),Belarus,2016,25.3
Gini index (Income equality coefficient),Belarus,2017,25.4
Gini index (Income equality coefficient),Belgium,2003,28.1
Gini index (Income equality coefficient),Belgium,2004,30.5
Gini index (Income equality coefficient),Belgium,2005,29.3
Gini index (Income equality coefficient),Belgium,2006,28.1
Gini index (Income equality coefficient),Belgium,2007,29.2
Gini index (Income equality coefficient),Belgium,2008,28.4
Gini index (Income equality coefficient),Belgium,2009,28.5
Gini index (Income equality coefficient),Belgium,2010,28.4
Gini index (Income equality coefficient),Belgium,2011,28.1
Gini index (Income equality coefficient),Belgium,2012,27.5
Gini index (Income equality coefficient),Belgium,2013,27.7
Gini index (Income equality coefficient),Belgium,2014,28.1
Gini index (Income equality coefficient),Belgium,2015,27.7
Gini index (Income equality coefficient),Belize,1993,60.3
Gini index (Income equality coefficient),Belize,1994,60.9
Gini index (Income equality coefficient),Belize,1996,56.6
Gini index (Income equality coefficient),Belize,1997,60.4
Gini index (Income equality coefficient),Belize,1998,54.9
Gini index (Income equality coefficient),Belize,1999,53.3
Gini index (Income equality coefficient),Benin,2003,38.6
Gini index (Income equality coefficient),Benin,2011,43.4
Gini index (Income equality coefficient),Benin,2015,47.8
Gini index (Income equality coefficient),Bhutan,2003,40.9
Gini index (Income equality coefficient),Bhutan,2007,38.1
Gini index (Income equality coefficient),Bhutan,2012,38.8
Gini index (Income equality coefficient),Bhutan,2017,37.4
Gini index (Income equality coefficient),Bolivia (Plurinational State of),1990,42
Gini index (Income equality coefficient),Bolivia (Plurinational State of),1997,58.2
Gini index (Income equality coefficient),Bolivia (Plurinational State of),1999,58.1
Gini index (Income equality coefficient),Bolivia (Plurinational State of),2000,61.6
Gini index (Income equality coefficient),Bolivia (Plurinational State of),2001,57.4
Gini index (Income equality coefficient),Bolivia (Plurinational State of),2002,59.3
Gini index (Income equality coefficient),Bolivia (Plurinational State of),2004,55
Gini index (Income equality coefficient),Bolivia (Plurinational State of),2005,58.5
Gini index (Income equality coefficient),Bolivia (Plurinational State of),2006,56.7
Gini index (Income equality coefficient),Bolivia (Plurinational State of),2007,54.5
Gini index (Income equality coefficient),Bolivia (Plurinational State of),2008,50.8
Gini index (Income equality coefficient),Bolivia (Plurinational State of),2009,49.2
Gini index (Income equality coefficient),Bolivia (Plurinational State of),2011,46.1
Gini index (Income equality coefficient),Bolivia (Plurinational State of),2012,46.6
Gini index (Income equality coefficient),Bolivia (Plurinational State of),2013,47.6
Gini index (Income equality coefficient),Bolivia (Plurinational State of),2014,47.8
Gini index (Income equality coefficient),Bolivia (Plurinational State of),2015,46.7
Gini index (Income equality coefficient),Bolivia (Plurinational State of),2016,44.6
Gini index (Income equality coefficient),Bolivia (Plurinational State of),2017,44
Gini index (Income equality coefficient),Bosnia and Herzegovina,2001,30
Gini index (Income equality coefficient),Bosnia and Herzegovina,2004,34
Gini index (Income equality coefficient),Bosnia and Herzegovina,2007,33.1
Gini index (Income equality coefficient),Bosnia and Herzegovina,2011,33
Gini index (Income equality coefficient),Botswana,1985,54.2
Gini index (Income equality coefficient),Botswana,1993,60.8
Gini index (Income equality coefficient),Botswana,2002,64.7
Gini index (Income equality coefficient),Botswana,2009,60.5
Gini index (Income equality coefficient),Botswana,2015,53.3
Gini index (Income equality coefficient),Brazil,1981,58
Gini index (Income equality coefficient),Brazil,1982,58.4
Gini index (Income equality coefficient),Brazil,1983,59
Gini index (Income equality coefficient),Brazil,1984,58.4
Gini index (Income equality coefficient),Brazil,1985,55.6
Gini index (Income equality coefficient),Brazil,1986,58.5
Gini index (Income equality coefficient),Brazil,1987,59.7
Gini index (Income equality coefficient),Brazil,1988,61.4
Gini index (Income equality coefficient),Brazil,1989,63.3
Gini index (Income equality coefficient),Brazil,1990,60.5
Gini index (Income equality coefficient),Brazil,1992,53.2
Gini index (Income equality coefficient),Brazil,1993,60.1
Gini index (Income equality coefficient),Brazil,1995,59.6
Gini index (Income equality coefficient),Brazil,1996,59.9
Gini index (Income equality coefficient),Brazil,1997,59.8
Gini index (Income equality coefficient),Brazil,1998,59.6
Gini index (Income equality coefficient),Brazil,1999,59
Gini index (Income equality coefficient),Brazil,2001,58.4
Gini index (Income equality coefficient),Brazil,2002,58.1
Gini index (Income equality coefficient),Brazil,2003,57.6
Gini index (Income equality coefficient),Brazil,2004,56.5
Gini index (Income equality coefficient),Brazil,2005,56.3
Gini index (Income equality coefficient),Brazil,2006,55.6
Gini index (Income equality coefficient),Brazil,2007,54.9
Gini index (Income equality coefficient),Brazil,2008,54
Gini index (Income equality coefficient),Brazil,2009,53.7
Gini index (Income equality coefficient),Brazil,2011,52.9
Gini index (Income equality coefficient),Brazil,2012,52.7
Gini index (Income equality coefficient),Brazil,2013,52.8
Gini index (Income equality coefficient),Brazil,2014,51.5
Gini index (Income equality coefficient),Brazil,2015,51.3
Gini index (Income equality coefficient),Brazil,2016,53.7
Gini index (Income equality coefficient),Brazil,2017,53.3
Gini index (Income equality coefficient),Bulgaria,1992,30.7
Gini index (Income equality coefficient),Bulgaria,2006,35.7
Gini index (Income equality coefficient),Bulgaria,2007,36.1
Gini index (Income equality coefficient),Bulgaria,2008,33.6
Gini index (Income equality coefficient),Bulgaria,2009,33.8
Gini index (Income equality coefficient),Bulgaria,2010,35.7
Gini index (Income equality coefficient),Bulgaria,2011,34.3
Gini index (Income equality coefficient),Bulgaria,2012,36
Gini index (Income equality coefficient),Bulgaria,2013,36.6
Gini index (Income equality coefficient),Bulgaria,2014,37.4
Gini index (Income equality coefficient),Burkina Faso,1994,48.1
Gini index (Income equality coefficient),Burkina Faso,1998,49.9
Gini index (Income equality coefficient),Burkina Faso,2003,43.3
Gini index (Income equality coefficient),Burkina Faso,2009,39.8
Gini index (Income equality coefficient),Burkina Faso,2014,35.3
Gini index (Income equality coefficient),Burundi,1992,33.3
Gini index (Income equality coefficient),Burundi,1998,42.3
Gini index (Income equality coefficient),Burundi,2006,33.4
Gini index (Income equality coefficient),Burundi,2013,38.6
Gini index (Income equality coefficient),Cabo Verde,2001,52.5
Gini index (Income equality coefficient),Cabo Verde,2007,47.2
Gini index (Income equality coefficient),Cameroon,1996,44.4
Gini index (Income equality coefficient),Cameroon,2001,42.1
Gini index (Income equality coefficient),Cameroon,2007,42.8
Gini index (Income equality coefficient),Cameroon,2014,46.6
Gini index (Income equality coefficient),Canada,1981,32.4
Gini index (Income equality coefficient),Canada,1987,31.5
Gini index (Income equality coefficient),Canada,1991,31
Gini index (Income equality coefficient),Canada,1994,31.3
Gini index (Income equality coefficient),Canada,1997,31.6
Gini index (Income equality coefficient),Canada,1998,33.2
Gini index (Income equality coefficient),Canada,2000,33.3
Gini index (Income equality coefficient),Canada,2004,33.7
Gini index (Income equality coefficient),Canada,2007,33.8
Gini index (Income equality coefficient),Canada,2010,33.6
Gini index (Income equality coefficient),Canada,2013,34
Gini index (Income equality coefficient),Central African Republic,1992,61.3
Gini index (Income equality coefficient),Central African Republic,2003,43.6
Gini index (Income equality coefficient),Central African Republic,2008,56.2
Gini index (Income equality coefficient),Chad,2003,39.8
Gini index (Income equality coefficient),Chad,2011,43.3
Gini index (Income equality coefficient),Chile,1987,56.2
Gini index (Income equality coefficient),Chile,1990,57.2
Gini index (Income equality coefficient),Chile,1992,54.8
Gini index (Income equality coefficient),Chile,1994,56.4
Gini index (Income equality coefficient),Chile,1996,54.9
Gini index (Income equality coefficient),Chile,1998,55.5
Gini index (Income equality coefficient),Chile,2000,52.8
Gini index (Income equality coefficient),Chile,2003,51.5
Gini index (Income equality coefficient),Chile,2006,48.2
Gini index (Income equality coefficient),Chile,2009,49
Gini index (Income equality coefficient),Chile,2011,47.6
Gini index (Income equality coefficient),Chile,2013,47.3
Gini index (Income equality coefficient),Chile,2015,47.7
Gini index (Income equality coefficient),Chile,2017,46.6
Gini index (Income equality coefficient),China,1990,32.2
Gini index (Income equality coefficient),China,1996,35.2
Gini index (Income equality coefficient),China,1999,38.7
Gini index (Income equality coefficient),China,2002,42
Gini index (Income equality coefficient),China,2005,40.9
Gini index (Income equality coefficient),China,2008,43
Gini index (Income equality coefficient),China,2010,43.7
Gini index (Income equality coefficient),China,2011,42.4
Gini index (Income equality coefficient),China,2012,42.2
Gini index (Income equality coefficient),China,2013,39.7
Gini index (Income equality coefficient),China,2014,39.2
Gini index (Income equality coefficient),China,2015,38.6
Gini index (Income equality coefficient),Colombia,1992,51.5
Gini index (Income equality coefficient),Colombia,1996,56.9
Gini index (Income equality coefficient),Colombia,1999,58.7
Gini index (Income equality coefficient),Colombia,2000,58.7
Gini index (Income equality coefficient),Colombia,2001,57.2
Gini index (Income equality coefficient),Colombia,2002,55.8
Gini index (Income equality coefficient),Colombia,2003,53.4
Gini index (Income equality coefficient),Colombia,2004,54.8
Gini index (Income equality coefficient),Colombia,2005,53.7
Gini index (Income equality coefficient),Colombia,2008,55.5
Gini index (Income equality coefficient),Colombia,2009,54.4
Gini index (Income equality coefficient),Colombia,2010,54.7
Gini index (Income equality coefficient),Colombia,2011,53.5
Gini index (Income equality coefficient),Colombia,2012,52.7
Gini index (Income equality coefficient),Colombia,2013,52.8
Gini index (Income equality coefficient),Colombia,2014,52.7
Gini index (Income equality coefficient),Colombia,2015,51.1
Gini index (Income equality coefficient),Colombia,2016,50.8
Gini index (Income equality coefficient),Colombia,2017,49.7
Gini index (Income equality coefficient),Comoros,2004,55.9
Gini index (Income equality coefficient),Comoros,2013,45.3
Gini index (Income equality coefficient),Congo,2005,47.3
Gini index (Income equality coefficient),Congo,2011,48.9
Gini index (Income equality coefficient),Costa Rica,1981,47.5
Gini index (Income equality coefficient),Costa Rica,1986,34.4
Gini index (Income equality coefficient),Costa Rica,1989,46.7
Gini index (Income equality coefficient),Costa Rica,1990,45.3
Gini index (Income equality coefficient),Costa Rica,1991,46.6
Gini index (Income equality coefficient),Costa Rica,1992,45.7
Gini index (Income equality coefficient),Costa Rica,1993,46
Gini index (Income equality coefficient),Costa Rica,1994,46.8
Gini index (Income equality coefficient),Costa Rica,1995,45.7
Gini index (Income equality coefficient),Costa Rica,1996,46.5
Gini index (Income equality coefficient),Costa Rica,1997,45.6
Gini index (Income equality coefficient),Costa Rica,1998,45.7
Gini index (Income equality coefficient),Costa Rica,1999,47.7
Gini index (Income equality coefficient),Costa Rica,2000,47.4
Gini index (Income equality coefficient),Costa Rica,2001,51.6
Gini index (Income equality coefficient),Costa Rica,2002,51.9
Gini index (Income equality coefficient),Costa Rica,2003,49.3
Gini index (Income equality coefficient),Costa Rica,2004,48.3
Gini index (Income equality coefficient),Costa Rica,2005,47.5
Gini index (Income equality coefficient),Costa Rica,2006,49.4
Gini index (Income equality coefficient),Costa Rica,2007,49.3
Gini index (Income equality coefficient),Costa Rica,2008,48.7
Gini index (Income equality coefficient),Costa Rica,2009,50.6
Gini index (Income equality coefficient),Costa Rica,2010,48.2
Gini index (Income equality coefficient),Costa Rica,2011,48.7
Gini index (Income equality coefficient),Costa Rica,2012,48.6
Gini index (Income equality coefficient),Costa Rica,2013,49.3
Gini index (Income equality coefficient),Costa Rica,2014,48.6
Gini index (Income equality coefficient),Costa Rica,2015,48.4
Gini index (Income equality coefficient),Costa Rica,2016,48.7
Gini index (Income equality coefficient),Costa Rica,2017,48.3
Gini index (Income equality coefficient),Cote d'Ivoire,1985,45.5
Gini index (Income equality coefficient),Cote d'Ivoire,1986,38
Gini index (Income equality coefficient),Cote d'Ivoire,1987,40.5
Gini index (Income equality coefficient),Cote d'Ivoire,1988,36.9
Gini index (Income equality coefficient),Cote d'Ivoire,1992,39.4
Gini index (Income equality coefficient),Cote d'Ivoire,1995,40.6
Gini index (Income equality coefficient),Cote d'Ivoire,1998,39
Gini index (Income equality coefficient),Cote d'Ivoire,2002,41.3
Gini index (Income equality coefficient),Cote d'Ivoire,2008,43.2
Gini index (Income equality coefficient),Cote d'Ivoire,2015,41.5
Gini index (Income equality coefficient),Croatia,1988,22.8
Gini index (Income equality coefficient),Croatia,2009,32.6
Gini index (Income equality coefficient),Croatia,2010,32.4
Gini index (Income equality coefficient),Croatia,2011,32.3
Gini index (Income equality coefficient),Croatia,2012,32.5
Gini index (Income equality coefficient),Croatia,2013,32
Gini index (Income equality coefficient),Croatia,2014,32.1
Gini index (Income equality coefficient),Croatia,2015,31.1
Gini index (Income equality coefficient),Cyprus,2004,30.1
Gini index (Income equality coefficient),Cyprus,2005,30.3
Gini index (Income equality coefficient),Cyprus,2006,31.1
Gini index (Income equality coefficient),Cyprus,2007,31.1
Gini index (Income equality coefficient),Cyprus,2008,31.7
Gini index (Income equality coefficient),Cyprus,2009,32.1
Gini index (Income equality coefficient),Cyprus,2010,31.5
Gini index (Income equality coefficient),Cyprus,2011,32.6
Gini index (Income equality coefficient),Cyprus,2012,34.3
Gini index (Income equality coefficient),Cyprus,2013,37
Gini index (Income equality coefficient),Cyprus,2014,35.6
Gini index (Income equality coefficient),Cyprus,2015,34
Gini index (Income equality coefficient),Czechia,1993,26.6
Gini index (Income equality coefficient),Czechia,1996,25.8
Gini index (Income equality coefficient),Czechia,2004,27.5
Gini index (Income equality coefficient),Czechia,2005,26.9
Gini index (Income equality coefficient),Czechia,2006,26.7
Gini index (Income equality coefficient),Czechia,2007,26
Gini index (Income equality coefficient),Czechia,2008,26.3
Gini index (Income equality coefficient),Czechia,2009,26.2
Gini index (Income equality coefficient),Czechia,2010,26.6
Gini index (Income equality coefficient),Czechia,2011,26.4
Gini index (Income equality coefficient),Czechia,2012,26.1
Gini index (Income equality coefficient),Czechia,2013,26.5
Gini index (Income equality coefficient),Czechia,2014,25.9
Gini index (Income equality coefficient),Czechia,2015,25.9
Gini index (Income equality coefficient),Denmark,2003,25.6
Gini index (Income equality coefficient),Denmark,2004,24.9
Gini index (Income equality coefficient),Denmark,2005,25.2
Gini index (Income equality coefficient),Denmark,2006,25.9
Gini index (Income equality coefficient),Denmark,2007,26.2
Gini index (Income equality coefficient),Denmark,2008,25.2
Gini index (Income equality coefficient),Denmark,2009,26.7
Gini index (Income equality coefficient),Denmark,2010,27.2
Gini index (Income equality coefficient),Denmark,2011,27.3
Gini index (Income equality coefficient),Denmark,2012,27.8
Gini index (Income equality coefficient),Denmark,2013,28.5
Gini index (Income equality coefficient),Denmark,2014,28.4
Gini index (Income equality coefficient),Denmark,2015,28.2
Gini index (Income equality coefficient),Djibouti,2002,40
Gini index (Income equality coefficient),Djibouti,2012,45.1
Gini index (Income equality coefficient),Djibouti,2013,44.1
Gini index (Income equality coefficient),Djibouti,2017,41.6
Gini index (Income equality coefficient),Dominican Republic,1986,47.8
Gini index (Income equality coefficient),Dominican Republic,1989,50.5
Gini index (Income equality coefficient),Dominican Republic,1992,51.4
Gini index (Income equality coefficient),Dominican Republic,1996,47.4
Gini index (Income equality coefficient),Dominican Republic,1997,48.9
Gini index (Income equality coefficient),Dominican Republic,2000,51.5
Gini index (Income equality coefficient),Dominican Republic,2001,50
Gini index (Income equality coefficient),Dominican Republic,2002,49.7
Gini index (Income equality coefficient),Dominican Republic,2003,52.1
Gini index (Income equality coefficient),Dominican Republic,2004,52.1
Gini index (Income equality coefficient),Dominican Republic,2005,50
Gini index (Income equality coefficient),Dominican Republic,2006,52
Gini index (Income equality coefficient),Dominican Republic,2007,48.9
Gini index (Income equality coefficient),Dominican Republic,2008,48.1
Gini index (Income equality coefficient),Dominican Republic,2009,48.9
Gini index (Income equality coefficient),Dominican Republic,2010,47.3
Gini index (Income equality coefficient),Dominican Republic,2011,47.7
Gini index (Income equality coefficient),Dominican Republic,2012,46.1
Gini index (Income equality coefficient),Dominican Republic,2013,47.7
Gini index (Income equality coefficient),Dominican Republic,2014,44.3
Gini index (Income equality coefficient),Dominican Republic,2015,45.2
Gini index (Income equality coefficient),Dominican Republic,2016,45.7
Gini index (Income equality coefficient),Ecuador,1987,50.5
Gini index (Income equality coefficient),Ecuador,1994,53.4
Gini index (Income equality coefficient),Ecuador,1998,49.7
Gini index (Income equality coefficient),Ecuador,1999,58.6
Gini index (Income equality coefficient),Ecuador,2000,56.4
Gini index (Income equality coefficient),Ecuador,2003,53.4
Gini index (Income equality coefficient),Ecuador,2004,53.9
Gini index (Income equality coefficient),Ecuador,2005,53.1
Gini index (Income equality coefficient),Ecuador,2006,52.2
Gini index (Income equality coefficient),Ecuador,2007,53.3
Gini index (Income equality coefficient),Ecuador,2008,49.7
Gini index (Income equality coefficient),Ecuador,2009,48.4
Gini index (Income equality coefficient),Ecuador,2010,48.7
Gini index (Income equality coefficient),Ecuador,2011,45.9
Gini index (Income equality coefficient),Ecuador,2012,46.1
Gini index (Income equality coefficient),Ecuador,2013,46.9
Gini index (Income equality coefficient),Ecuador,2014,45
Gini index (Income equality coefficient),Ecuador,2015,46
Gini index (Income equality coefficient),Ecuador,2016,45
Gini index (Income equality coefficient),Ecuador,2017,44.7
Gini index (Income equality coefficient),Egypt,1990,32
Gini index (Income equality coefficient),Egypt,1995,30.1
Gini index (Income equality coefficient),Egypt,1999,32.8
Gini index (Income equality coefficient),Egypt,2004,31.8
Gini index (Income equality coefficient),Egypt,2008,31.1
Gini index (Income equality coefficient),Egypt,2010,30.2
Gini index (Income equality coefficient),Egypt,2012,28.3
Gini index (Income equality coefficient),Egypt,2015,31.8
Gini index (Income equality coefficient),El Salvador,1991,54
Gini index (Income equality coefficient),El Salvador,1995,49.9
Gini index (Income equality coefficient),El Salvador,1996,51
Gini index (Income equality coefficient),El Salvador,1998,54.5
Gini index (Income equality coefficient),El Salvador,1999,52.2
Gini index (Income equality coefficient),El Salvador,2000,51.5
Gini index (Income equality coefficient),El Salvador,2001,51.4
Gini index (Income equality coefficient),El Salvador,2002,51.9
Gini index (Income equality coefficient),El Salvador,2003,50.4
Gini index (Income equality coefficient),El Salvador,2004,47.8
Gini index (Income equality coefficient),El Salvador,2005,48.5
Gini index (Income equality coefficient),El Salvador,2006,45.7
Gini index (Income equality coefficient),El Salvador,2007,45.2
Gini index (Income equality coefficient),El Salvador,2008,46.9
Gini index (Income equality coefficient),El Salvador,2009,45.8
Gini index (Income equality coefficient),El Salvador,2010,43.5
Gini index (Income equality coefficient),El Salvador,2011,42.3
Gini index (Income equality coefficient),El Salvador,2012,41.8
Gini index (Income equality coefficient),El Salvador,2013,43.4
Gini index (Income equality coefficient),El Salvador,2014,41.6
Gini index (Income equality coefficient),El Salvador,2015,40.6
Gini index (Income equality coefficient),El Salvador,2016,40
Gini index (Income equality coefficient),El Salvador,2017,38
Gini index (Income equality coefficient),Estonia,1993,39.5
Gini index (Income equality coefficient),Estonia,2003,37.2
Gini index (Income equality coefficient),Estonia,2004,33.6
Gini index (Income equality coefficient),Estonia,2005,33.4
Gini index (Income equality coefficient),Estonia,2006,33.7
Gini index (Income equality coefficient),Estonia,2007,31.2
Gini index (Income equality coefficient),Estonia,2008,31.9
Gini index (Income equality coefficient),Estonia,2009,31.4
Gini index (Income equality coefficient),Estonia,2010,32
Gini index (Income equality coefficient),Estonia,2011,32.5
Gini index (Income equality coefficient),Estonia,2012,32.9
Gini index (Income equality coefficient),Estonia,2013,35.1
Gini index (Income equality coefficient),Estonia,2014,34.6
Gini index (Income equality coefficient),Estonia,2015,32.7
Gini index (Income equality coefficient),Eswatini,1994,60.5
Gini index (Income equality coefficient),Eswatini,2000,53.1
Gini index (Income equality coefficient),Eswatini,2009,51.5
Gini index (Income equality coefficient),Ethiopia,1995,44.6
Gini index (Income equality coefficient),Ethiopia,1999,30
Gini index (Income equality coefficient),Ethiopia,2004,29.8
Gini index (Income equality coefficient),Ethiopia,2010,33.2
Gini index (Income equality coefficient),Ethiopia,2015,35
Gini index (Income equality coefficient),Fiji,2002,38.1
Gini index (Income equality coefficient),Fiji,2008,40.4
Gini index (Income equality coefficient),Fiji,2013,36.7
Gini index (Income equality coefficient),Finland,2003,27.7
Gini index (Income equality coefficient),Finland,2004,27.9
Gini index (Income equality coefficient),Finland,2005,27.6
Gini index (Income equality coefficient),Finland,2006,28
Gini index (Income equality coefficient),Finland,2007,28.3
Gini index (Income equality coefficient),Finland,2008,27.8
Gini index (Income equality coefficient),Finland,2009,27.5
Gini index (Income equality coefficient),Finland,2010,27.7
Gini index (Income equality coefficient),Finland,2011,27.6
Gini index (Income equality coefficient),Finland,2012,27.1
Gini index (Income equality coefficient),Finland,2013,27.2
Gini index (Income equality coefficient),Finland,2014,26.8
Gini index (Income equality coefficient),Finland,2015,27.1
Gini index (Income equality coefficient),France,2003,31.4
Gini index (Income equality coefficient),France,2004,30.6
Gini index (Income equality coefficient),France,2005,29.8
Gini index (Income equality coefficient),France,2006,29.7
Gini index (Income equality coefficient),France,2007,32.4
Gini index (Income equality coefficient),France,2008,33
Gini index (Income equality coefficient),France,2009,32.7
Gini index (Income equality coefficient),France,2010,33.7
Gini index (Income equality coefficient),France,2011,33.3
Gini index (Income equality coefficient),France,2012,33.1
Gini index (Income equality coefficient),France,2013,32.5
Gini index (Income equality coefficient),France,2014,32.3
Gini index (Income equality coefficient),France,2015,32.7
Gini index (Income equality coefficient),Gabon,2005,42.2
Gini index (Income equality coefficient),Gabon,2017,38
Gini index (Income equality coefficient),Gambia,1998,48.5
Gini index (Income equality coefficient),Gambia,2003,47.3
Gini index (Income equality coefficient),Gambia,2010,43.6
Gini index (Income equality coefficient),Gambia,2015,35.9
Gini index (Income equality coefficient),Georgia,1996,37.1
Gini index (Income equality coefficient),Georgia,1997,40.7
Gini index (Income equality coefficient),Georgia,1998,41.3
Gini index (Income equality coefficient),Georgia,1999,40.1
Gini index (Income equality coefficient),Georgia,2000,40.5
Gini index (Income equality coefficient),Georgia,2001,39.6
Gini index (Income equality coefficient),Georgia,2002,37.2
Gini index (Income equality coefficient),Georgia,2003,36.7
Gini index (Income equality coefficient),Georgia,2004,36.2
Gini index (Income equality coefficient),Georgia,2005,37.4
Gini index (Income equality coefficient),Georgia,2006,36.9
Gini index (Income equality coefficient),Georgia,2007,38.1
Gini index (Income equality coefficient),Georgia,2008,38.5
Gini index (Income equality coefficient),Georgia,2009,38.2
Gini index (Income equality coefficient),Georgia,2010,39.5
Gini index (Income equality coefficient),Georgia,2011,39.6
Gini index (Income equality coefficient),Georgia,2012,39
Gini index (Income equality coefficient),Georgia,2013,38.6
Gini index (Income equality coefficient),Georgia,2014,37.6
Gini index (Income equality coefficient),Georgia,2015,36.5
Gini index (Income equality coefficient),Georgia,2016,36.6
Gini index (Income equality coefficient),Georgia,2017,37.9
Gini index (Income equality coefficient),Germany,1991,29.2
Gini index (Income equality coefficient),Germany,1994,29.2
Gini index (Income equality coefficient),Germany,1995,29
Gini index (Income equality coefficient),Germany,1998,28.3
Gini index (Income equality coefficient),Germany,2000,28.8
Gini index (Income equality coefficient),Germany,2001,30.3
Gini index (Income equality coefficient),Germany,2002,30
Gini index (Income equality coefficient),Germany,2003,30.3
Gini index (Income equality coefficient),Germany,2004,30.4
Gini index (Income equality coefficient),Germany,2005,32.3
Gini index (Income equality coefficient),Germany,2006,31.3
Gini index (Income equality coefficient),Germany,2007,31.3
Gini index (Income equality coefficient),Germany,2008,31.2
Gini index (Income equality coefficient),Germany,2009,30.5
Gini index (Income equality coefficient),Germany,2010,30.2
Gini index (Income equality coefficient),Germany,2011,30.5
Gini index (Income equality coefficient),Germany,2013,31.1
Gini index (Income equality coefficient),Germany,2015,31.7
Gini index (Income equality coefficient),Ghana,1987,35.3
Gini index (Income equality coefficient),Ghana,1988,36
Gini index (Income equality coefficient),Ghana,1991,38.4
Gini index (Income equality coefficient),Ghana,1998,40.1
Gini index (Income equality coefficient),Ghana,2005,42.8
Gini index (Income equality coefficient),Ghana,2012,42.4
Gini index (Income equality coefficient),Ghana,2016,43.5
Gini index (Income equality coefficient),Greece,2003,32.8
Gini index (Income equality coefficient),Greece,2004,33.6
Gini index (Income equality coefficient),Greece,2005,34.6
Gini index (Income equality coefficient),Greece,2006,35.1
Gini index (Income equality coefficient),Greece,2007,34
Gini index (Income equality coefficient),Greece,2008,33.6
Gini index (Income equality coefficient),Greece,2009,33.6
Gini index (Income equality coefficient),Greece,2010,34.1
Gini index (Income equality coefficient),Greece,2011,34.8
Gini index (Income equality coefficient),Greece,2012,36.2
Gini index (Income equality coefficient),Greece,2013,36.1
Gini index (Income equality coefficient),Greece,2014,35.8
Gini index (Income equality coefficient),Greece,2015,36
Gini index (Income equality coefficient),Guatemala,1986,58.3
Gini index (Income equality coefficient),Guatemala,1989,59.6
Gini index (Income equality coefficient),Guatemala,2000,54.2
Gini index (Income equality coefficient),Guatemala,2006,54.6
Gini index (Income equality coefficient),Guatemala,2014,48.3
Gini index (Income equality coefficient),Guinea,1991,46.8
Gini index (Income equality coefficient),Guinea,1994,46.1
Gini index (Income equality coefficient),Guinea,2002,43
Gini index (Income equality coefficient),Guinea,2007,39.4
Gini index (Income equality coefficient),Guinea,2012,33.7
Gini index (Income equality coefficient),Guinea-Bissau,1993,43.6
Gini index (Income equality coefficient),Guinea-Bissau,2002,35.6
Gini index (Income equality coefficient),Guinea-Bissau,2010,50.7
Gini index (Income equality coefficient),Guyana,1998,44.6
Gini index (Income equality coefficient),Haiti,2012,41.1
Gini index (Income equality coefficient),Honduras,1989,59.5
Gini index (Income equality coefficient),Honduras,1990,57.4
Gini index (Income equality coefficient),Honduras,1991,51.9
Gini index (Income equality coefficient),Honduras,1992,51.8
Gini index (Income equality coefficient),Honduras,1993,53.5
Gini index (Income equality coefficient),Honduras,1994,55
Gini index (Income equality coefficient),Honduras,1995,55.5
Gini index (Income equality coefficient),Honduras,1996,55.7
Gini index (Income equality coefficient),Honduras,1997,52.7
Gini index (Income equality coefficient),Honduras,1998,57.4
Gini index (Income equality coefficient),Honduras,1999,55.4
Gini index (Income equality coefficient),Honduras,2001,55.6
Gini index (Income equality coefficient),Honduras,2002,55.7
Gini index (Income equality coefficient),Honduras,2003,58.1
Gini index (Income equality coefficient),Honduras,2004,58.1
Gini index (Income equality coefficient),Honduras,2005,59.5
Gini index (Income equality coefficient),Honduras,2006,57.5
Gini index (Income equality coefficient),Honduras,2007,55.8
Gini index (Income equality coefficient),Honduras,2008,55.5
Gini index (Income equality coefficient),Honduras,2009,51.3
Gini index (Income equality coefficient),Honduras,2010,53.1
Gini index (Income equality coefficient),Honduras,2011,56.2
Gini index (Income equality coefficient),Honduras,2012,56.1
Gini index (Income equality coefficient),Honduras,2013,52.6
Gini index (Income equality coefficient),Honduras,2014,50.4
Gini index (Income equality coefficient),Honduras,2015,49.6
Gini index (Income equality coefficient),Honduras,2016,50
Gini index (Income equality coefficient),Honduras,2017,50.5
Gini index (Income equality coefficient),Hungary,1987,21
Gini index (Income equality coefficient),Hungary,1989,25
Gini index (Income equality coefficient),Hungary,1993,27.9
Gini index (Income equality coefficient),Hungary,2004,29.9
Gini index (Income equality coefficient),Hungary,2005,34.7
Gini index (Income equality coefficient),Hungary,2006,28.3
Gini index (Income equality coefficient),Hungary,2007,27.9
Gini index (Income equality coefficient),Hungary,2008,27.5
Gini index (Income equality coefficient),Hungary,2009,27
Gini index (Income equality coefficient),Hungary,2010,29.4
Gini index (Income equality coefficient),Hungary,2011,29.2
Gini index (Income equality coefficient),Hungary,2012,30.8
Gini index (Income equality coefficient),Hungary,2013,31.5
Gini index (Income equality coefficient),Hungary,2014,30.9
Gini index (Income equality coefficient),Hungary,2015,30.4
Gini index (Income equality coefficient),Iceland,2003,26.8
Gini index (Income equality coefficient),Iceland,2004,28
Gini index (Income equality coefficient),Iceland,2005,29
Gini index (Income equality coefficient),Iceland,2006,30.2
Gini index (Income equality coefficient),Iceland,2007,29.5
Gini index (Income equality coefficient),Iceland,2008,31.8
Gini index (Income equality coefficient),Iceland,2009,28.7
Gini index (Income equality coefficient),Iceland,2010,26.2
Gini index (Income equality coefficient),Iceland,2011,26.8
Gini index (Income equality coefficient),Iceland,2012,26.8
Gini index (Income equality coefficient),Iceland,2013,25.4
Gini index (Income equality coefficient),Iceland,2014,27.8
Gini index (Income equality coefficient),India,1983,32.1
Gini index (Income equality coefficient),India,1987,32.6
Gini index (Income equality coefficient),India,1993,31.7
Gini index (Income equality coefficient),India,2004,34.4
Gini index (Income equality coefficient),India,2009,35.4
Gini index (Income equality coefficient),India,2011,35.7
Gini index (Income equality coefficient),Indonesia,1984,32.4
Gini index (Income equality coefficient),Indonesia,1987,30.6
Gini index (Income equality coefficient),Indonesia,1990,31.2
Gini index (Income equality coefficient),Indonesia,1993,32
Gini index (Income equality coefficient),Indonesia,1996,34.4
Gini index (Income equality coefficient),Indonesia,1998,31.1
Gini index (Income equality coefficient),Indonesia,1999,31
Gini index (Income equality coefficient),Indonesia,2000,28.5
Gini index (Income equality coefficient),Indonesia,2001,29
Gini index (Income equality coefficient),Indonesia,2002,31.7
Gini index (Income equality coefficient),Indonesia,2003,31.8
Gini index (Income equality coefficient),Indonesia,2004,32.7
Gini index (Income equality coefficient),Indonesia,2005,33
Gini index (Income equality coefficient),Indonesia,2006,34.2
Gini index (Income equality coefficient),Indonesia,2007,35.7
Gini index (Income equality coefficient),Indonesia,2008,35.1
Gini index (Income equality coefficient),Indonesia,2009,35.1
Gini index (Income equality coefficient),Indonesia,2010,36.4
Gini index (Income equality coefficient),Indonesia,2011,39.7
Gini index (Income equality coefficient),Indonesia,2012,39.6
Gini index (Income equality coefficient),Indonesia,2013,39.9
Gini index (Income equality coefficient),Indonesia,2014,39.4
Gini index (Income equality coefficient),Indonesia,2015,39.7
Gini index (Income equality coefficient),Indonesia,2016,38.6
Gini index (Income equality coefficient),Indonesia,2017,38.1
Gini index (Income equality coefficient),Iran (Islamic Republic of),1986,47.4
Gini index (Income equality coefficient),Iran (Islamic Republic of),1990,43.6
Gini index (Income equality coefficient),Iran (Islamic Republic of),1994,43
Gini index (Income equality coefficient),Iran (Islamic Republic of),1998,44.1
Gini index (Income equality coefficient),Iran (Islamic Republic of),2005,43.6
Gini index (Income equality coefficient),Iran (Islamic Republic of),2006,44.8
Gini index (Income equality coefficient),Iran (Islamic Republic of),2009,42.1
Gini index (Income equality coefficient),Iran (Islamic Republic of),2013,37.4
Gini index (Income equality coefficient),Iran (Islamic Republic of),2014,38.8
Gini index (Income equality coefficient),Iran (Islamic Republic of),2015,39.5
Gini index (Income equality coefficient),Iran (Islamic Republic of),2016,40
Gini index (Income equality coefficient),Iraq,2006,28.6
Gini index (Income equality coefficient),Iraq,2012,29.5
Gini index (Income equality coefficient),Ireland,2003,32.9
Gini index (Income equality coefficient),Ireland,2004,33.6
Gini index (Income equality coefficient),Ireland,2005,33.7
Gini index (Income equality coefficient),Ireland,2006,32.7
Gini index (Income equality coefficient),Ireland,2007,31.9
Gini index (Income equality coefficient),Ireland,2008,30.9
Gini index (Income equality coefficient),Ireland,2009,32.7
Gini index (Income equality coefficient),Ireland,2010,32.3
Gini index (Income equality coefficient),Ireland,2011,32.9
Gini index (Income equality coefficient),Ireland,2012,33.2
Gini index (Income equality coefficient),Ireland,2013,33.5
Gini index (Income equality coefficient),Ireland,2014,31.9
Gini index (Income equality coefficient),Ireland,2015,31.8
Gini index (Income equality coefficient),Israel,1979,36.3
Gini index (Income equality coefficient),Israel,1986,36.5
Gini index (Income equality coefficient),Israel,1992,35.5
Gini index (Income equality coefficient),Israel,1997,38.1
Gini index (Income equality coefficient),Israel,2001,38.9
Gini index (Income equality coefficient),Israel,2005,41.7
Gini index (Income equality coefficient),Israel,2007,41
Gini index (Income equality coefficient),Israel,2010,42.6
Gini index (Income equality coefficient),Israel,2012,41.4
Gini index (Income equality coefficient),Israel,2014,39.8
Gini index (Income equality coefficient),Israel,2016,38.9
Gini index (Income equality coefficient),Italy,2003,34.9
Gini index (Income equality coefficient),Italy,2004,34.3
Gini index (Income equality coefficient),Italy,2005,33.8
Gini index (Income equality coefficient),Italy,2006,33.7
Gini index (Income equality coefficient),Italy,2007,32.9
Gini index (Income equality coefficient),Italy,2008,33.8
Gini index (Income equality coefficient),Italy,2009,33.8
Gini index (Income equality coefficient),Italy,2010,34.7
Gini index (Income equality coefficient),Italy,2011,35.1
Gini index (Income equality coefficient),Italy,2012,35.2
Gini index (Income equality coefficient),Italy,2013,34.9
Gini index (Income equality coefficient),Italy,2014,34.7
Gini index (Income equality coefficient),Italy,2015,35.4
Gini index (Income equality coefficient),Jamaica,1988,43.2
Gini index (Income equality coefficient),Jamaica,1990,41.1
Gini index (Income equality coefficient),Jamaica,1993,35.7
Gini index (Income equality coefficient),Jamaica,1996,40.4
Gini index (Income equality coefficient),Jamaica,1999,44.1
Gini index (Income equality coefficient),Jamaica,2002,48.3
Gini index (Income equality coefficient),Jamaica,2004,45.5
Gini index (Income equality coefficient),Japan,2008,32.1
Gini index (Income equality coefficient),Jordan,1986,36.1
Gini index (Income equality coefficient),Jordan,1992,43.4
Gini index (Income equality coefficient),Jordan,1997,36.4
Gini index (Income equality coefficient),Jordan,2002,37
Gini index (Income equality coefficient),Jordan,2006,33.9
Gini index (Income equality coefficient),Jordan,2008,32.6
Gini index (Income equality coefficient),Jordan,2010,33.7
Gini index (Income equality coefficient),Kazakhstan,1996,35.4
Gini index (Income equality coefficient),Kazakhstan,2001,36
Gini index (Income equality coefficient),Kazakhstan,2002,34.8
Gini index (Income equality coefficient),Kazakhstan,2003,33.7
Gini index (Income equality coefficient),Kazakhstan,2004,31.8
Gini index (Income equality coefficient),Kazakhstan,2005,39.8
Gini index (Income equality coefficient),Kazakhstan,2006,30.2
Gini index (Income equality coefficient),Kazakhstan,2007,30.1
Gini index (Income equality coefficient),Kazakhstan,2008,28.5
Gini index (Income equality coefficient),Kazakhstan,2009,28.2
Gini index (Income equality coefficient),Kazakhstan,2010,28
Gini index (Income equality coefficient),Kazakhstan,2011,28
Gini index (Income equality coefficient),Kazakhstan,2012,28.2
Gini index (Income equality coefficient),Kazakhstan,2013,27.1
Gini index (Income equality coefficient),Kazakhstan,2014,27
Gini index (Income equality coefficient),Kazakhstan,2015,26.8
Gini index (Income equality coefficient),Kazakhstan,2016,27.2
Gini index (Income equality coefficient),Kazakhstan,2017,27.5
Gini index (Income equality coefficient),Kenya,1992,57.5
Gini index (Income equality coefficient),Kenya,1994,43.1
Gini index (Income equality coefficient),Kenya,1997,45
Gini index (Income equality coefficient),Kenya,2005,46.5
Gini index (Income equality coefficient),Kenya,2015,40.8
Gini index (Income equality coefficient),Kiribati,2006,37
Gini index (Income equality coefficient),Kyrgyzstan,1998,46.4
Gini index (Income equality coefficient),Kyrgyzstan,2000,31
Gini index (Income equality coefficient),Kyrgyzstan,2001,30.2
Gini index (Income equality coefficient),Kyrgyzstan,2002,30.3
Gini index (Income equality coefficient),Kyrgyzstan,2003,28.7
Gini index (Income equality coefficient),Kyrgyzstan,2004,34.8
Gini index (Income equality coefficient),Kyrgyzstan,2005,32.6
Gini index (Income equality coefficient),Kyrgyzstan,2006,37.4
Gini index (Income equality coefficient),Kyrgyzstan,2007,33.9
Gini index (Income equality coefficient),Kyrgyzstan,2008,31.5
Gini index (Income equality coefficient),Kyrgyzstan,2009,29.9
Gini index (Income equality coefficient),Kyrgyzstan,2010,30.1
Gini index (Income equality coefficient),Kyrgyzstan,2011,27.8
Gini index (Income equality coefficient),Kyrgyzstan,2012,27.4
Gini index (Income equality coefficient),Kyrgyzstan,2013,28.8
Gini index (Income equality coefficient),Kyrgyzstan,2014,26.8
Gini index (Income equality coefficient),Kyrgyzstan,2015,29
Gini index (Income equality coefficient),Kyrgyzstan,2016,26.8
Gini index (Income equality coefficient),Kyrgyzstan,2017,27.3
Gini index (Income equality coefficient),Lao People's Democratic Republic,1992,34.3
Gini index (Income equality coefficient),Lao People's Democratic Republic,1997,34.9
Gini index (Income equality coefficient),Lao People's Democratic Republic,2002,32.6
Gini index (Income equality coefficient),Lao People's Democratic Republic,2007,35.4
Gini index (Income equality coefficient),Lao People's Democratic Republic,2012,36.4
Gini index (Income equality coefficient),Latvia,1993,27
Gini index (Income equality coefficient),Latvia,1995,31
Gini index (Income equality coefficient),Latvia,1996,31.6
Gini index (Income equality coefficient),Latvia,2004,36.4
Gini index (Income equality coefficient),Latvia,2005,39
Gini index (Income equality coefficient),Latvia,2006,35.6
Gini index (Income equality coefficient),Latvia,2007,37.5
Gini index (Income equality coefficient),Latvia,2008,37.2
Gini index (Income equality coefficient),Latvia,2009,35.9
Gini index (Income equality coefficient),Latvia,2010,35
Gini index (Income equality coefficient),Latvia,2011,35.8
Gini index (Income equality coefficient),Latvia,2012,35.2
Gini index (Income equality coefficient),Latvia,2013,35.5
Gini index (Income equality coefficient),Latvia,2014,35.1
Gini index (Income equality coefficient),Latvia,2015,34.2
Gini index (Income equality coefficient),Lebanon,2011,31.8
Gini index (Income equality coefficient),Lesotho,1986,56
Gini index (Income equality coefficient),Lesotho,1994,63.2
Gini index (Income equality coefficient),Lesotho,2002,51.6
Gini index (Income equality coefficient),Lesotho,2010,54.2
Gini index (Income equality coefficient),Liberia,2007,36.5
Gini index (Income equality coefficient),Liberia,2014,33.2
Gini index (Income equality coefficient),Liberia,2016,35.3
Gini index (Income equality coefficient),Lithuania,1993,33.6
Gini index (Income equality coefficient),Lithuania,2004,37
Gini index (Income equality coefficient),Lithuania,2005,35.3
Gini index (Income equality coefficient),Lithuania,2006,34.4
Gini index (Income equality coefficient),Lithuania,2007,34.8
Gini index (Income equality coefficient),Lithuania,2008,35.7
Gini index (Income equality coefficient),Lithuania,2009,37.2
Gini index (Income equality coefficient),Lithuania,2010,33.6
Gini index (Income equality coefficient),Lithuania,2011,32.5
Gini index (Income equality coefficient),Lithuania,2012,35.1
Gini index (Income equality coefficient),Lithuania,2013,35.3
Gini index (Income equality coefficient),Lithuania,2014,37.7
Gini index (Income equality coefficient),Lithuania,2015,37.4
Gini index (Income equality coefficient),Luxembourg,2003,30.2
Gini index (Income equality coefficient),Luxembourg,2004,30.2
Gini index (Income equality coefficient),Luxembourg,2005,30.8
Gini index (Income equality coefficient),Luxembourg,2006,30.9
Gini index (Income equality coefficient),Luxembourg,2007,31.1
Gini index (Income equality coefficient),Luxembourg,2008,32.6
Gini index (Income equality coefficient),Luxembourg,2009,31.2
Gini index (Income equality coefficient),Luxembourg,2010,30.5
Gini index (Income equality coefficient),Luxembourg,2011,32.1
Gini index (Income equality coefficient),Luxembourg,2012,34.3
Gini index (Income equality coefficient),Luxembourg,2013,32
Gini index (Income equality coefficient),Luxembourg,2014,31.2
Gini index (Income equality coefficient),Luxembourg,2015,33.8
Gini index (Income equality coefficient),Madagascar,1980,46.8
Gini index (Income equality coefficient),Madagascar,1993,45.3
Gini index (Income equality coefficient),Madagascar,1997,39.5
Gini index (Income equality coefficient),Madagascar,1999,38.6
Gini index (Income equality coefficient),Madagascar,2001,47.4
Gini index (Income equality coefficient),Madagascar,2005,39.9
Gini index (Income equality coefficient),Madagascar,2010,42.4
Gini index (Income equality coefficient),Madagascar,2012,42.6
Gini index (Income equality coefficient),Malawi,1997,65.8
Gini index (Income equality coefficient),Malawi,2004,39.9
Gini index (Income equality coefficient),Malawi,2010,45.5
Gini index (Income equality coefficient),Malawi,2016,44.7
Gini index (Income equality coefficient),Malaysia,1984,48.6
Gini index (Income equality coefficient),Malaysia,1987,47
Gini index (Income equality coefficient),Malaysia,1989,46.2
Gini index (Income equality coefficient),Malaysia,1992,47.7
Gini index (Income equality coefficient),Malaysia,1995,48.5
Gini index (Income equality coefficient),Malaysia,1997,49.1
Gini index (Income equality coefficient),Malaysia,2004,46.1
Gini index (Income equality coefficient),Malaysia,2007,46.1
Gini index (Income equality coefficient),Malaysia,2008,45.5
Gini index (Income equality coefficient),Malaysia,2011,43.9
Gini index (Income equality coefficient),Malaysia,2013,41.3
Gini index (Income equality coefficient),Malaysia,2015,41
Gini index (Income equality coefficient),Maldives,2002,41.3
Gini index (Income equality coefficient),Maldives,2009,38.4
Gini index (Income equality coefficient),Mali,1994,50.4
Gini index (Income equality coefficient),Mali,2001,39.9
Gini index (Income equality coefficient),Mali,2006,38.9
Gini index (Income equality coefficient),Mali,2009,33
Gini index (Income equality coefficient),Malta,2006,28
Gini index (Income equality coefficient),Malta,2007,29.2
Gini index (Income equality coefficient),Malta,2008,29
Gini index (Income equality coefficient),Malta,2009,30.2
Gini index (Income equality coefficient),Malta,2010,29
Gini index (Income equality coefficient),Malta,2011,29.1
Gini index (Income equality coefficient),Malta,2012,29.4
Gini index (Income equality coefficient),Malta,2013,28.8
Gini index (Income equality coefficient),Malta,2014,29
Gini index (Income equality coefficient),Malta,2015,29.4
Gini index (Income equality coefficient),Mauritania,1987,43.9
Gini index (Income equality coefficient),Mauritania,1993,50.1
Gini index (Income equality coefficient),Mauritania,1995,37.7
Gini index (Income equality coefficient),Mauritania,2000,39
Gini index (Income equality coefficient),Mauritania,2004,40.2
Gini index (Income equality coefficient),Mauritania,2008,35.7
Gini index (Income equality coefficient),Mauritania,2014,32.6
Gini index (Income equality coefficient),Mauritius,2006,35.7
Gini index (Income equality coefficient),Mauritius,2012,38.5
Gini index (Income equality coefficient),Mexico,1989,54.3
Gini index (Income equality coefficient),Mexico,1992,53.7
Gini index (Income equality coefficient),Mexico,1994,54.3
Gini index (Income equality coefficient),Mexico,1996,54.8
Gini index (Income equality coefficient),Mexico,1998,53.4
Gini index (Income equality coefficient),Mexico,2000,52.6
Gini index (Income equality coefficient),Mexico,2002,50.1
Gini index (Income equality coefficient),Mexico,2004,50
Gini index (Income equality coefficient),Mexico,2005,50.1
Gini index (Income equality coefficient),Mexico,2006,48.9
Gini index (Income equality coefficient),Mexico,2008,49.9
Gini index (Income equality coefficient),Mexico,2010,47.2
Gini index (Income equality coefficient),Mexico,2012,48.7
Gini index (Income equality coefficient),Mexico,2014,48.7
Gini index (Income equality coefficient),Mexico,2016,48.3
Gini index (Income equality coefficient),Micronesia (Federated States of),2005,42.4
Gini index (Income equality coefficient),Micronesia (Federated States of),2013,40.1
Gini index (Income equality coefficient),Mongolia,1995,33.2
Gini index (Income equality coefficient),Mongolia,1998,30.3
Gini index (Income equality coefficient),Mongolia,2002,32.9
Gini index (Income equality coefficient),Mongolia,2007,35.8
Gini index (Income equality coefficient),Mongolia,2010,33.1
Gini index (Income equality coefficient),Mongolia,2011,33.9
Gini index (Income equality coefficient),Mongolia,2012,33.8
Gini index (Income equality coefficient),Mongolia,2014,32
Gini index (Income equality coefficient),Mongolia,2016,32.3
Gini index (Income equality coefficient),Montenegro,2005,30.2
Gini index (Income equality coefficient),Montenegro,2006,30
Gini index (Income equality coefficient),Montenegro,2007,31.4
Gini index (Income equality coefficient),Montenegro,2008,30.5
Gini index (Income equality coefficient),Montenegro,2009,31
Gini index (Income equality coefficient),Montenegro,2010,28.9
Gini index (Income equality coefficient),Montenegro,2011,30.8
Gini index (Income equality coefficient),Montenegro,2012,32.3
Gini index (Income equality coefficient),Montenegro,2013,32.4
Gini index (Income equality coefficient),Montenegro,2014,31.9
Gini index (Income equality coefficient),Morocco,1984,39.2
Gini index (Income equality coefficient),Morocco,1990,39.2
Gini index (Income equality coefficient),Morocco,1998,39.5
Gini index (Income equality coefficient),Morocco,2000,40.6
Gini index (Income equality coefficient),Morocco,2006,40.7
Gini index (Income equality coefficient),Morocco,2013,39.5
Gini index (Income equality coefficient),Mozambique,1996,53.6
Gini index (Income equality coefficient),Mozambique,2002,47
Gini index (Income equality coefficient),Mozambique,2008,45.6
Gini index (Income equality coefficient),Mozambique,2014,54
Gini index (Income equality coefficient),Myanmar,2015,38.1
Gini index (Income equality coefficient),Namibia,2003,63.3
Gini index (Income equality coefficient),Namibia,2009,61
Gini index (Income equality coefficient),Namibia,2015,59.1
Gini index (Income equality coefficient),Nepal,1995,35.2
Gini index (Income equality coefficient),Nepal,2003,43.8
Gini index (Income equality coefficient),Nepal,2010,32.8
Gini index (Income equality coefficient),Netherlands,2004,29.8
Gini index (Income equality coefficient),Netherlands,2005,29
Gini index (Income equality coefficient),Netherlands,2006,30
Gini index (Income equality coefficient),Netherlands,2007,29.6
Gini index (Income equality coefficient),Netherlands,2008,29.3
Gini index (Income equality coefficient),Netherlands,2009,27.9
Gini index (Income equality coefficient),Netherlands,2010,27.8
Gini index (Income equality coefficient),Netherlands,2011,27.7
Gini index (Income equality coefficient),Netherlands,2012,27.6
Gini index (Income equality coefficient),Netherlands,2013,28.1
Gini index (Income equality coefficient),Netherlands,2014,28.6
Gini index (Income equality coefficient),Netherlands,2015,28.2
Gini index (Income equality coefficient),Nicaragua,1993,57.4
Gini index (Income equality coefficient),Nicaragua,1998,54.4
Gini index (Income equality coefficient),Nicaragua,2001,52.9
Gini index (Income equality coefficient),Nicaragua,2005,48.8
Gini index (Income equality coefficient),Nicaragua,2009,43.9
Gini index (Income equality coefficient),Nicaragua,2014,46.2
Gini index (Income equality coefficient),Niger,1992,36.1
Gini index (Income equality coefficient),Niger,1994,41.5
Gini index (Income equality coefficient),Niger,2005,44.4
Gini index (Income equality coefficient),Niger,2007,37.3
Gini index (Income equality coefficient),Niger,2011,31.5
Gini index (Income equality coefficient),Niger,2014,34.3
Gini index (Income equality coefficient),Nigeria,1985,38.7
Gini index (Income equality coefficient),Nigeria,1992,45
Gini index (Income equality coefficient),Nigeria,1996,51.9
Gini index (Income equality coefficient),Nigeria,2003,40.1
Gini index (Income equality coefficient),Nigeria,2009,43
Gini index (Income equality coefficient),North Macedonia,2009,42.8
Gini index (Income equality coefficient),North Macedonia,2010,40.2
Gini index (Income equality coefficient),North Macedonia,2011,39.4
Gini index (Income equality coefficient),North Macedonia,2012,38.1
Gini index (Income equality coefficient),North Macedonia,2013,36.2
Gini index (Income equality coefficient),North Macedonia,2014,35.2
Gini index (Income equality coefficient),North Macedonia,2015,35.6
Gini index (Income equality coefficient),Norway,2003,27.6
Gini index (Income equality coefficient),Norway,2004,31.6
Gini index (Income equality coefficient),Norway,2005,30.6
Gini index (Income equality coefficient),Norway,2006,26.4
Gini index (Income equality coefficient),Norway,2007,27.1
Gini index (Income equality coefficient),Norway,2008,27
Gini index (Income equality coefficient),Norway,2009,26.2
Gini index (Income equality coefficient),Norway,2010,25.7
Gini index (Income equality coefficient),Norway,2011,25.3
Gini index (Income equality coefficient),Norway,2012,25.7
Gini index (Income equality coefficient),Norway,2013,26.4
Gini index (Income equality coefficient),Norway,2014,26.8
Gini index (Income equality coefficient),Norway,2015,27.5
Gini index (Income equality coefficient),Pakistan,1987,33.3
Gini index (Income equality coefficient),Pakistan,1990,33.2
Gini index (Income equality coefficient),Pakistan,1996,28.7
Gini index (Income equality coefficient),Pakistan,1998,33.1
Gini index (Income equality coefficient),Pakistan,2001,30.4
Gini index (Income equality coefficient),Pakistan,2004,32.5
Gini index (Income equality coefficient),Pakistan,2005,32.7
Gini index (Income equality coefficient),Pakistan,2007,31.6
Gini index (Income equality coefficient),Pakistan,2010,29.8
Gini index (Income equality coefficient),Pakistan,2011,30.9
Gini index (Income equality coefficient),Pakistan,2013,30.7
Gini index (Income equality coefficient),Pakistan,2015,33.5
Gini index (Income equality coefficient),Panama,1979,48.7
Gini index (Income equality coefficient),Panama,1989,58.9
Gini index (Income equality coefficient),Panama,1991,58.2
Gini index (Income equality coefficient),Panama,1995,57.8
Gini index (Income equality coefficient),Panama,1997,58.2
Gini index (Income equality coefficient),Panama,1998,57.5
Gini index (Income equality coefficient),Panama,1999,56.5
Gini index (Income equality coefficient),Panama,2000,56.8
Gini index (Income equality coefficient),Panama,2001,56.9
Gini index (Income equality coefficient),Panama,2002,56.2
Gini index (Income equality coefficient),Panama,2003,55.8
Gini index (Income equality coefficient),Panama,2004,54.8
Gini index (Income equality coefficient),Panama,2005,53.8
Gini index (Income equality coefficient),Panama,2006,54.6
Gini index (Income equality coefficient),Panama,2007,52.7
Gini index (Income equality coefficient),Panama,2008,52.7
Gini index (Income equality coefficient),Panama,2009,51.8
Gini index (Income equality coefficient),Panama,2010,51.6
Gini index (Income equality coefficient),Panama,2011,51.3
Gini index (Income equality coefficient),Panama,2012,51.7
Gini index (Income equality coefficient),Panama,2013,51.5
Gini index (Income equality coefficient),Panama,2014,50.5
Gini index (Income equality coefficient),Panama,2015,50.8
Gini index (Income equality coefficient),Panama,2016,50.4
Gini index (Income equality coefficient),Panama,2017,49.9
Gini index (Income equality coefficient),Papua New Guinea,1996,55.4
Gini index (Income equality coefficient),Papua New Guinea,2009,41.9
Gini index (Income equality coefficient),Paraguay,1990,40.8
Gini index (Income equality coefficient),Paraguay,1995,58.2
Gini index (Income equality coefficient),Paraguay,1997,54.9
Gini index (Income equality coefficient),Paraguay,1999,54.6
Gini index (Income equality coefficient),Paraguay,2001,54.6
Gini index (Income equality coefficient),Paraguay,2002,57.3
Gini index (Income equality coefficient),Paraguay,2003,54.9
Gini index (Income equality coefficient),Paraguay,2004,52.3
Gini index (Income equality coefficient),Paraguay,2005,51.4
Gini index (Income equality coefficient),Paraguay,2006,53
Gini index (Income equality coefficient),Paraguay,2007,53
Gini index (Income equality coefficient),Paraguay,2008,50.7
Gini index (Income equality coefficient),Paraguay,2009,49.1
Gini index (Income equality coefficient),Paraguay,2010,51
Gini index (Income equality coefficient),Paraguay,2011,52.3
Gini index (Income equality coefficient),Paraguay,2012,47.6
Gini index (Income equality coefficient),Paraguay,2013,47.9
Gini index (Income equality coefficient),Paraguay,2014,50.7
Gini index (Income equality coefficient),Paraguay,2015,47.6
Gini index (Income equality coefficient),Paraguay,2016,47.9
Gini index (Income equality coefficient),Paraguay,2017,48.8
Gini index (Income equality coefficient),Peru,1997,53.7
Gini index (Income equality coefficient),Peru,1998,56.1
Gini index (Income equality coefficient),Peru,1999,56.3
Gini index (Income equality coefficient),Peru,2000,49.1
Gini index (Income equality coefficient),Peru,2001,51.3
Gini index (Income equality coefficient),Peru,2002,53.6
Gini index (Income equality coefficient),Peru,2003,53.1
Gini index (Income equality coefficient),Peru,2004,49.9
Gini index (Income equality coefficient),Peru,2005,50.4
Gini index (Income equality coefficient),Peru,2006,50.3
Gini index (Income equality coefficient),Peru,2007,50
Gini index (Income equality coefficient),Peru,2008,47.5
Gini index (Income equality coefficient),Peru,2009,47
Gini index (Income equality coefficient),Peru,2010,45.5
Gini index (Income equality coefficient),Peru,2011,44.7
Gini index (Income equality coefficient),Peru,2012,44.4
Gini index (Income equality coefficient),Peru,2013,43.9
Gini index (Income equality coefficient),Peru,2014,43.2
Gini index (Income equality coefficient),Peru,2015,43.4
Gini index (Income equality coefficient),Peru,2016,43.6
Gini index (Income equality coefficient),Peru,2017,43.3
Gini index (Income equality coefficient),Philippines,2000,47.7
Gini index (Income equality coefficient),Philippines,2003,46.6
Gini index (Income equality coefficient),Philippines,2006,47.2
Gini index (Income equality coefficient),Philippines,2009,46.3
Gini index (Income equality coefficient),Philippines,2012,46.5
Gini index (Income equality coefficient),Philippines,2015,44.4
Gini index (Income equality coefficient),Poland,1985,25.2
Gini index (Income equality coefficient),Poland,1987,25.5
Gini index (Income equality coefficient),Poland,1989,26.9
Gini index (Income equality coefficient),Poland,2004,38
Gini index (Income equality coefficient),Poland,2005,35.8
Gini index (Income equality coefficient),Poland,2006,34.7
Gini index (Income equality coefficient),Poland,2007,34
Gini index (Income equality coefficient),Poland,2008,33.5
Gini index (Income equality coefficient),Poland,2009,33.4
Gini index (Income equality coefficient),Poland,2010,33.2
Gini index (Income equality coefficient),Poland,2011,33.2
Gini index (Income equality coefficient),Poland,2012,33
Gini index (Income equality coefficient),Poland,2013,33.1
Gini index (Income equality coefficient),Poland,2014,32.8
Gini index (Income equality coefficient),Poland,2015,31.8
Gini index (Income equality coefficient),Portugal,2003,38.7
Gini index (Income equality coefficient),Portugal,2004,38.9
Gini index (Income equality coefficient),Portugal,2005,38.5
Gini index (Income equality coefficient),Portugal,2006,38.1
Gini index (Income equality coefficient),Portugal,2007,36.7
Gini index (Income equality coefficient),Portugal,2008,36.6
Gini index (Income equality coefficient),Portugal,2009,34.9
Gini index (Income equality coefficient),Portugal,2010,35.8
Gini index (Income equality coefficient),Portugal,2011,36.3
Gini index (Income equality coefficient),Portugal,2012,36
Gini index (Income equality coefficient),Portugal,2013,36.2
Gini index (Income equality coefficient),Portugal,2014,35.6
Gini index (Income equality coefficient),Portugal,2015,35.5
Gini index (Income equality coefficient),Republic of Korea,2006,31.7
Gini index (Income equality coefficient),Republic of Korea,2008,32.3
Gini index (Income equality coefficient),Republic of Korea,2010,32
Gini index (Income equality coefficient),Republic of Korea,2012,31.6
Gini index (Income equality coefficient),Republic of Moldova,1997,36.9
Gini index (Income equality coefficient),Republic of Moldova,1998,39.5
Gini index (Income equality coefficient),Republic of Moldova,1999,42.6
Gini index (Income equality coefficient),Republic of Moldova,2000,36.4
Gini index (Income equality coefficient),Republic of Moldova,2001,38
Gini index (Income equality coefficient),Republic of Moldova,2002,35.8
Gini index (Income equality coefficient),Republic of Moldova,2003,34.9
Gini index (Income equality coefficient),Republic of Moldova,2004,35
Gini index (Income equality coefficient),Republic of Moldova,2005,36.3
Gini index (Income equality coefficient),Republic of Moldova,2006,35.4
Gini index (Income equality coefficient),Republic of Moldova,2007,34.4
Gini index (Income equality coefficient),Republic of Moldova,2008,34.7
Gini index (Income equality coefficient),Republic of Moldova,2009,32.9
Gini index (Income equality coefficient),Republic of Moldova,2010,32.1
Gini index (Income equality coefficient),Republic of Moldova,2011,30.6
Gini index (Income equality coefficient),Republic of Moldova,2012,29.2
Gini index (Income equality coefficient),Republic of Moldova,2013,28.5
Gini index (Income equality coefficient),Republic of Moldova,2014,26.8
Gini index (Income equality coefficient),Republic of Moldova,2015,27
Gini index (Income equality coefficient),Republic of Moldova,2016,26.3
Gini index (Income equality coefficient),Republic of Moldova,2017,25.9
Gini index (Income equality coefficient),Romania,1989,23.3
Gini index (Income equality coefficient),Romania,1992,25.5
Gini index (Income equality coefficient),Romania,1994,28.2
Gini index (Income equality coefficient),Romania,2006,39.6
Gini index (Income equality coefficient),Romania,2007,37.5
Gini index (Income equality coefficient),Romania,2008,36.4
Gini index (Income equality coefficient),Romania,2009,35.6
Gini index (Income equality coefficient),Romania,2010,35.5
Gini index (Income equality coefficient),Romania,2011,35.9
Gini index (Income equality coefficient),Romania,2012,36.5
Gini index (Income equality coefficient),Romania,2013,36.9
Gini index (Income equality coefficient),Romania,2014,36
Gini index (Income equality coefficient),Romania,2015,35.9
Gini index (Income equality coefficient),Russian Federation,1993,48.4
Gini index (Income equality coefficient),Russian Federation,1996,46.1
Gini index (Income equality coefficient),Russian Federation,1997,38.4
Gini index (Income equality coefficient),Russian Federation,1998,38.1
Gini index (Income equality coefficient),Russian Federation,1999,37.4
Gini index (Income equality coefficient),Russian Federation,2000,37.1
Gini index (Income equality coefficient),Russian Federation,2001,36.9
Gini index (Income equality coefficient),Russian Federation,2002,37.3
Gini index (Income equality coefficient),Russian Federation,2003,40
Gini index (Income equality coefficient),Russian Federation,2004,40.3
Gini index (Income equality coefficient),Russian Federation,2005,41.3
Gini index (Income equality coefficient),Russian Federation,2006,41
Gini index (Income equality coefficient),Russian Federation,2007,42.3
Gini index (Income equality coefficient),Russian Federation,2008,41.6
Gini index (Income equality coefficient),Russian Federation,2009,39.8
Gini index (Income equality coefficient),Russian Federation,2010,39.5
Gini index (Income equality coefficient),Russian Federation,2011,39.7
Gini index (Income equality coefficient),Russian Federation,2012,40.7
Gini index (Income equality coefficient),Russian Federation,2013,40.9
Gini index (Income equality coefficient),Russian Federation,2014,39.9
Gini index (Income equality coefficient),Russian Federation,2015,37.7
Gini index (Income equality coefficient),Rwanda,1984,28.9
Gini index (Income equality coefficient),Rwanda,2000,48.5
Gini index (Income equality coefficient),Rwanda,2005,52
Gini index (Income equality coefficient),Rwanda,2010,47.2
Gini index (Income equality coefficient),Rwanda,2013,45.1
Gini index (Income equality coefficient),Rwanda,2016,43.7
Gini index (Income equality coefficient),Saint Lucia,1995,42.6
Gini index (Income equality coefficient),Saint Lucia,2016,51.2
Gini index (Income equality coefficient),Samoa,2002,40.7
Gini index (Income equality coefficient),Samoa,2008,42
Gini index (Income equality coefficient),Samoa,2013,38.7
Gini index (Income equality coefficient),Sao Tome and Principe,2000,32.1
Gini index (Income equality coefficient),Sao Tome and Principe,2010,30.8
Gini index (Income equality coefficient),Senegal,1991,54.1
Gini index (Income equality coefficient),Senegal,1994,41.4
Gini index (Income equality coefficient),Senegal,2001,41.2
Gini index (Income equality coefficient),Senegal,2005,39.2
Gini index (Income equality coefficient),Senegal,2011,40.3
Gini index (Income equality coefficient),Serbia,2012,39.8
Gini index (Income equality coefficient),Serbia,2013,39.8
Gini index (Income equality coefficient),Serbia,2014,39.2
Gini index (Income equality coefficient),Serbia,2015,39.6
Gini index (Income equality coefficient),Seychelles,2013,46.8
Gini index (Income equality coefficient),Sierra Leone,2003,40.2
Gini index (Income equality coefficient),Sierra Leone,2011,34
Gini index (Income equality coefficient),Slovakia,1996,25.8
Gini index (Income equality coefficient),Slovakia,2004,27.1
Gini index (Income equality coefficient),Slovakia,2005,29.3
Gini index (Income equality coefficient),Slovakia,2006,25.8
Gini index (Income equality coefficient),Slovakia,2007,24.7
Gini index (Income equality coefficient),Slovakia,2008,26
Gini index (Income equality coefficient),Slovakia,2009,27.2
Gini index (Income equality coefficient),Slovakia,2010,27.3
Gini index (Income equality coefficient),Slovakia,2011,26.5
Gini index (Income equality coefficient),Slovakia,2012,26.1
Gini index (Income equality coefficient),Slovakia,2013,28.1
Gini index (Income equality coefficient),Slovakia,2014,26.1
Gini index (Income equality coefficient),Slovakia,2015,26.5
Gini index (Income equality coefficient),Slovenia,1993,29.2
Gini index (Income equality coefficient),Slovenia,2004,24.8
Gini index (Income equality coefficient),Slovenia,2005,24.6
Gini index (Income equality coefficient),Slovenia,2006,24.4
Gini index (Income equality coefficient),Slovenia,2007,24.4
Gini index (Income equality coefficient),Slovenia,2008,23.7
Gini index (Income equality coefficient),Slovenia,2009,24.8
Gini index (Income equality coefficient),Slovenia,2010,24.9
Gini index (Income equality coefficient),Slovenia,2011,24.9
Gini index (Income equality coefficient),Slovenia,2012,25.6
Gini index (Income equality coefficient),Slovenia,2013,26.2
Gini index (Income equality coefficient),Slovenia,2014,25.7
Gini index (Income equality coefficient),Slovenia,2015,25.4
Gini index (Income equality coefficient),Solomon Islands,2005,46.1
Gini index (Income equality coefficient),Solomon Islands,2013,37.1
Gini index (Income equality coefficient),South Africa,1993,59.3
Gini index (Income equality coefficient),South Africa,1996,60.7
Gini index (Income equality coefficient),South Africa,2000,57.8
Gini index (Income equality coefficient),South Africa,2005,64.8
Gini index (Income equality coefficient),South Africa,2008,63
Gini index (Income equality coefficient),South Africa,2010,63.4
Gini index (Income equality coefficient),South Africa,2014,63
Gini index (Income equality coefficient),South Sudan,2009,46.3
Gini index (Income equality coefficient),Spain,2003,31.8
Gini index (Income equality coefficient),Spain,2004,33.3
Gini index (Income equality coefficient),Spain,2005,32.4
Gini index (Income equality coefficient),Spain,2006,33.5
Gini index (Income equality coefficient),Spain,2007,34.1
Gini index (Income equality coefficient),Spain,2008,34.2
Gini index (Income equality coefficient),Spain,2009,34.9
Gini index (Income equality coefficient),Spain,2010,35.2
Gini index (Income equality coefficient),Spain,2011,35.7
Gini index (Income equality coefficient),Spain,2012,35.4
Gini index (Income equality coefficient),Spain,2013,36.2
Gini index (Income equality coefficient),Spain,2014,36.1
Gini index (Income equality coefficient),Spain,2015,36.2
Gini index (Income equality coefficient),Sri Lanka,1985,32.5
Gini index (Income equality coefficient),Sri Lanka,1990,32.4
Gini index (Income equality coefficient),Sri Lanka,1995,35.4
Gini index (Income equality coefficient),Sri Lanka,2002,41
Gini index (Income equality coefficient),Sri Lanka,2006,40.3
Gini index (Income equality coefficient),Sri Lanka,2009,36.4
Gini index (Income equality coefficient),Sri Lanka,2012,39.2
Gini index (Income equality coefficient),Sri Lanka,2016,39.8
Gini index (Income equality coefficient),Sudan,2009,35.4
Gini index (Income equality coefficient),Suriname,1999,57.6
Gini index (Income equality coefficient),Sweden,2003,25.3
Gini index (Income equality coefficient),Sweden,2004,26.1
Gini index (Income equality coefficient),Sweden,2005,26.8
Gini index (Income equality coefficient),Sweden,2006,26.4
Gini index (Income equality coefficient),Sweden,2007,27.1
Gini index (Income equality coefficient),Sweden,2008,28.1
Gini index (Income equality coefficient),Sweden,2009,27.3
Gini index (Income equality coefficient),Sweden,2010,27.7
Gini index (Income equality coefficient),Sweden,2011,27.6
Gini index (Income equality coefficient),Sweden,2012,27.6
Gini index (Income equality coefficient),Sweden,2013,28.8
Gini index (Income equality coefficient),Sweden,2014,28.4
Gini index (Income equality coefficient),Sweden,2015,29.2
Gini index (Income equality coefficient),Switzerland,2006,33.9
Gini index (Income equality coefficient),Switzerland,2007,34.3
Gini index (Income equality coefficient),Switzerland,2008,33.8
Gini index (Income equality coefficient),Switzerland,2009,32.9
Gini index (Income equality coefficient),Switzerland,2010,32.6
Gini index (Income equality coefficient),Switzerland,2011,31.7
Gini index (Income equality coefficient),Switzerland,2012,31.6
Gini index (Income equality coefficient),Switzerland,2013,32.5
Gini index (Income equality coefficient),Switzerland,2014,32.5
Gini index (Income equality coefficient),Switzerland,2015,32.3
Gini index (Income equality coefficient),Syrian Arab Republic,2004,35.8
Gini index (Income equality coefficient),Tajikistan,1999,29.5
Gini index (Income equality coefficient),Tajikistan,2003,32.7
Gini index (Income equality coefficient),Tajikistan,2004,33.6
Gini index (Income equality coefficient),Tajikistan,2007,32.2
Gini index (Income equality coefficient),Tajikistan,2009,30.8
Gini index (Income equality coefficient),Tajikistan,2015,34
Gini index (Income equality coefficient),Thailand,1981,45.2
Gini index (Income equality coefficient),Thailand,1988,43.8
Gini index (Income equality coefficient),Thailand,1990,45.3
Gini index (Income equality coefficient),Thailand,1992,47.9
Gini index (Income equality coefficient),Thailand,1994,43.5
Gini index (Income equality coefficient),Thailand,1996,42.9
Gini index (Income equality coefficient),Thailand,1998,41.5
Gini index (Income equality coefficient),Thailand,1999,43.1
Gini index (Income equality coefficient),Thailand,2000,42.8
Gini index (Income equality coefficient),Thailand,2002,41.9
Gini index (Income equality coefficient),Thailand,2004,42.5
Gini index (Income equality coefficient),Thailand,2006,41.8
Gini index (Income equality coefficient),Thailand,2007,39.8
Gini index (Income equality coefficient),Thailand,2008,40.3
Gini index (Income equality coefficient),Thailand,2009,39.6
Gini index (Income equality coefficient),Thailand,2010,39.4
Gini index (Income equality coefficient),Thailand,2011,37.5
Gini index (Income equality coefficient),Thailand,2012,39.3
Gini index (Income equality coefficient),Thailand,2013,37.8
Gini index (Income equality coefficient),Thailand,2014,37
Gini index (Income equality coefficient),Thailand,2015,36
Gini index (Income equality coefficient),Thailand,2016,36.9
Gini index (Income equality coefficient),Thailand,2017,36.5
Gini index (Income equality coefficient),Timor-Leste,2001,35.9
Gini index (Income equality coefficient),Timor-Leste,2007,27.8
Gini index (Income equality coefficient),Timor-Leste,2014,28.7
Gini index (Income equality coefficient),Togo,2006,42.2
Gini index (Income equality coefficient),Togo,2011,46
Gini index (Income equality coefficient),Togo,2015,43.1
Gini index (Income equality coefficient),Tonga,2001,37.7
Gini index (Income equality coefficient),Tonga,2009,37.5
Gini index (Income equality coefficient),Tonga,2015,37.6
Gini index (Income equality coefficient),Trinidad and Tobago,1988,42.6
Gini index (Income equality coefficient),Trinidad and Tobago,1992,40.3
Gini index (Income equality coefficient),Tunisia,1985,43.4
Gini index (Income equality coefficient),Tunisia,1990,40.2
Gini index (Income equality coefficient),Tunisia,1995,41.7
Gini index (Income equality coefficient),Tunisia,2000,40.8
Gini index (Income equality coefficient),Tunisia,2005,37.7
Gini index (Income equality coefficient),Tunisia,2010,35.8
Gini index (Income equality coefficient),Tunisia,2015,32.8
Gini index (Income equality coefficient),Turkey,1987,43.5
Gini index (Income equality coefficient),Turkey,1994,41.3
Gini index (Income equality coefficient),Turkey,2002,41.4
Gini index (Income equality coefficient),Turkey,2003,42.2
Gini index (Income equality coefficient),Turkey,2004,41.3
Gini index (Income equality coefficient),Turkey,2005,42.6
Gini index (Income equality coefficient),Turkey,2006,39.6
Gini index (Income equality coefficient),Turkey,2007,38.4
Gini index (Income equality coefficient),Turkey,2008,39
Gini index (Income equality coefficient),Turkey,2009,39
Gini index (Income equality coefficient),Turkey,2010,38.8
Gini index (Income equality coefficient),Turkey,2011,40
Gini index (Income equality coefficient),Turkey,2012,40.2
Gini index (Income equality coefficient),Turkey,2013,40.2
Gini index (Income equality coefficient),Turkey,2014,41.2
Gini index (Income equality coefficient),Turkey,2015,42.9
Gini index (Income equality coefficient),Turkey,2016,41.9
Gini index (Income equality coefficient),Turkmenistan,1998,40.8
Gini index (Income equality coefficient),Tuvalu,2010,39.1
Gini index (Income equality coefficient),Uganda,1989,44.4
Gini index (Income equality coefficient),Uganda,1992,41.4
Gini index (Income equality coefficient),Uganda,1996,39
Gini index (Income equality coefficient),Uganda,1999,43
Gini index (Income equality coefficient),Uganda,2002,45.2
Gini index (Income equality coefficient),Uganda,2005,42.9
Gini index (Income equality coefficient),Uganda,2009,44.2
Gini index (Income equality coefficient),Uganda,2012,41
Gini index (Income equality coefficient),Uganda,2016,42.8
Gini index (Income equality coefficient),Ukraine,1992,29.7
Gini index (Income equality coefficient),Ukraine,1993,28.9
Gini index (Income equality coefficient),Ukraine,1995,39.3
Gini index (Income equality coefficient),Ukraine,1996,35.2
Gini index (Income equality coefficient),Ukraine,2002,29
Gini index (Income equality coefficient),Ukraine,2003,28.7
Gini index (Income equality coefficient),Ukraine,2004,28.9
Gini index (Income equality coefficient),Ukraine,2005,29
Gini index (Income equality coefficient),Ukraine,2006,29.8
Gini index (Income equality coefficient),Ukraine,2007,27
Gini index (Income equality coefficient),Ukraine,2008,26.6
Gini index (Income equality coefficient),Ukraine,2009,25.3
Gini index (Income equality coefficient),Ukraine,2010,24.8
Gini index (Income equality coefficient),Ukraine,2011,24.6
Gini index (Income equality coefficient),Ukraine,2012,24.7
Gini index (Income equality coefficient),Ukraine,2013,24.6
Gini index (Income equality coefficient),Ukraine,2014,24
Gini index (Income equality coefficient),Ukraine,2015,25.5
Gini index (Income equality coefficient),Ukraine,2016,25
Gini index (Income equality coefficient),United Kingdom of Great Britain and Northern Ireland,2004,36
Gini index (Income equality coefficient),United Kingdom of Great Britain and Northern Ireland,2005,34.3
Gini index (Income equality coefficient),United Kingdom of Great Britain and Northern Ireland,2006,34.6
Gini index (Income equality coefficient),United Kingdom of Great Britain and Northern Ireland,2007,35.7
Gini index (Income equality coefficient),United Kingdom of Great Britain and Northern Ireland,2008,34.1
Gini index (Income equality coefficient),United Kingdom of Great Britain and Northern Ireland,2009,34.3
Gini index (Income equality coefficient),United Kingdom of Great Britain and Northern Ireland,2010,34.4
Gini index (Income equality coefficient),United Kingdom of Great Britain and Northern Ireland,2011,33.2
Gini index (Income equality coefficient),United Kingdom of Great Britain and Northern Ireland,2012,32.3
Gini index (Income equality coefficient),United Kingdom of Great Britain and Northern Ireland,2013,33.2
Gini index (Income equality coefficient),United Kingdom of Great Britain and Northern Ireland,2014,34
Gini index (Income equality coefficient),United Kingdom of Great Britain and Northern Ireland,2015,33.2
Gini index (Income equality coefficient),United Republic of Tanzania,1991,35.3
Gini index (Income equality coefficient),United Republic of Tanzania,2000,37.3
Gini index (Income equality coefficient),United Republic of Tanzania,2007,40.3
Gini index (Income equality coefficient),United Republic of Tanzania,2011,37.8
Gini index (Income equality coefficient),United States of America,1979,34.6
Gini index (Income equality coefficient),United States of America,1986,37.5
Gini index (Income equality coefficient),United States of America,1991,38.2
Gini index (Income equality coefficient),United States of America,1994,40.2
Gini index (Income equality coefficient),United States of America,1997,40.8
Gini index (Income equality coefficient),United States of America,2000,40.4
Gini index (Income equality coefficient),United States of America,2004,40.5
Gini index (Income equality coefficient),United States of America,2007,41.1
Gini index (Income equality coefficient),United States of America,2010,40.4
Gini index (Income equality coefficient),United States of America,2013,41
Gini index (Income equality coefficient),United States of America,2016,41.5
Gini index (Income equality coefficient),Uruguay,1981,43.6
Gini index (Income equality coefficient),Uruguay,1989,42.4
Gini index (Income equality coefficient),Uruguay,2006,45.9
Gini index (Income equality coefficient),Uruguay,2007,46.4
Gini index (Income equality coefficient),Uruguay,2008,45.1
Gini index (Income equality coefficient),Uruguay,2009,45.6
Gini index (Income equality coefficient),Uruguay,2010,44.5
Gini index (Income equality coefficient),Uruguay,2011,42.2
Gini index (Income equality coefficient),Uruguay,2012,39.9
Gini index (Income equality coefficient),Uruguay,2013,40.5
Gini index (Income equality coefficient),Uruguay,2014,40.1
Gini index (Income equality coefficient),Uruguay,2015,40.2
Gini index (Income equality coefficient),Uruguay,2016,39.7
Gini index (Income equality coefficient),Uruguay,2017,39.5
Gini index (Income equality coefficient),Uzbekistan,1998,44.7
Gini index (Income equality coefficient),Uzbekistan,2000,36.1
Gini index (Income equality coefficient),Uzbekistan,2002,33
Gini index (Income equality coefficient),Uzbekistan,2003,35.3
Gini index (Income equality coefficient),Vanuatu,2010,37.6
Gini index (Income equality coefficient),Venezuela (Bolivarian Republic of),1981,55.6
Gini index (Income equality coefficient),Venezuela (Bolivarian Republic of),1987,53.4
Gini index (Income equality coefficient),Venezuela (Bolivarian Republic of),1989,45.3
Gini index (Income equality coefficient),Venezuela (Bolivarian Republic of),1992,42.5
Gini index (Income equality coefficient),Venezuela (Bolivarian Republic of),1995,47.8
Gini index (Income equality coefficient),Venezuela (Bolivarian Republic of),1998,49.8
Gini index (Income equality coefficient),Venezuela (Bolivarian Republic of),1999,48.3
Gini index (Income equality coefficient),Venezuela (Bolivarian Republic of),2001,48.2
Gini index (Income equality coefficient),Venezuela (Bolivarian Republic of),2002,50.6
Gini index (Income equality coefficient),Venezuela (Bolivarian Republic of),2003,50.4
Gini index (Income equality coefficient),Venezuela (Bolivarian Republic of),2004,49.8
Gini index (Income equality coefficient),Venezuela (Bolivarian Republic of),2005,52.4
Gini index (Income equality coefficient),Venezuela (Bolivarian Republic of),2006,46.9
Gini index (Income equality coefficient),Viet Nam,1992,35.7
Gini index (Income equality coefficient),Viet Nam,1998,35.4
Gini index (Income equality coefficient),Viet Nam,2002,37
Gini index (Income equality coefficient),Viet Nam,2004,36.8
Gini index (Income equality coefficient),Viet Nam,2006,35.8
Gini index (Income equality coefficient),Viet Nam,2008,35.6
Gini index (Income equality coefficient),Viet Nam,2010,39.3
Gini index (Income equality coefficient),Viet Nam,2012,35.6
Gini index (Income equality coefficient),Viet Nam,2014,34.8
Gini index (Income equality coefficient),Viet Nam,2016,35.3
Gini index (Income equality coefficient),Yemen,1998,35
Gini index (Income equality coefficient),Yemen,2005,34.7
Gini index (Income equality coefficient),Yemen,2014,36.7
Gini index (Income equality coefficient),Zambia,1991,60.5
Gini index (Income equality coefficient),Zambia,1993,52.6
Gini index (Income equality coefficient),Zambia,1996,48.3
Gini index (Income equality coefficient),Zambia,1998,49.1
Gini index (Income equality coefficient),Zambia,2002,42.1
Gini index (Income equality coefficient),Zambia,2004,54.3
Gini index (Income equality coefficient),Zambia,2006,54.6
Gini index (Income equality coefficient),Zambia,2010,55.6
Gini index (Income equality coefficient),Zambia,2015,57.1
Gini index (Income equality coefficient),Zimbabwe,2011,43.2
